message,beginLine,endLine,beginColumn,endColumn,rule,ruleset,classified_rule,className,methodName,variable,priority
Comment is too large: Too many lines,1,10,1,3,CommentSize,Documentation,METRIC,AstBuilderListener,,,3
A high number of imports can indicate a high degree of coupling within an object.,11,1301,1,3,ExcessiveImports,Design,METRIC,AstBuilderListener,,,3
This class has a bunch of public methods and attributes,11,1301,1,3,ExcessivePublicCount,Design,METRIC,AstBuilderListener,,,3
Avoid really long classes.,115,1301,8,1,ExcessiveClassLength,Design,METRIC,AstBuilderListener,,,3
"Possible God Class (WMC=48, ATFD=6, TCC=27.405%)",115,1301,8,1,GodClass,Design,METRIC,AstBuilderListener,,,3
"This class has too many methods, consider refactoring it.",115,1301,59,1,TooManyMethods,Design,METRIC,AstBuilderListener,,,3
Avoid excessively long variable names like DIFFERS_SERVICE_NAME,130,130,36,55,LongVariable,Code Style,NAMING_CONVENTIONS,AstBuilderListener,,DIFFERS_SERVICE_NAME,3
Avoid excessively long variable names like EQUALS_SERVICE_NAME,140,140,36,54,LongVariable,Code Style,NAMING_CONVENTIONS,AstBuilderListener,,EQUALS_SERVICE_NAME,3
Avoid excessively long variable names like GREATER_THAN_EQUAL_SERVICE_NAME,150,150,36,66,LongVariable,Code Style,NAMING_CONVENTIONS,AstBuilderListener,,GREATER_THAN_EQUAL_SERVICE_NAME,3
Avoid excessively long variable names like GREATER_THAN_EQUAL_OPERATOR,155,155,36,62,LongVariable,Code Style,NAMING_CONVENTIONS,AstBuilderListener,,GREATER_THAN_EQUAL_OPERATOR,3
Avoid excessively long variable names like GREATER_THAN_SERVICE_NAME,160,160,36,60,LongVariable,Code Style,NAMING_CONVENTIONS,AstBuilderListener,,GREATER_THAN_SERVICE_NAME,3
Avoid excessively long variable names like GREATER_THAN_OPERATOR,165,165,36,56,LongVariable,Code Style,NAMING_CONVENTIONS,AstBuilderListener,,GREATER_THAN_OPERATOR,3
Avoid excessively long variable names like LESS_THAN_EQUAL_SERVICE_NAME,170,170,36,63,LongVariable,Code Style,NAMING_CONVENTIONS,AstBuilderListener,,LESS_THAN_EQUAL_SERVICE_NAME,3
Avoid excessively long variable names like LESS_THAN_EQUAL_OPERATOR,175,175,36,59,LongVariable,Code Style,NAMING_CONVENTIONS,AstBuilderListener,,LESS_THAN_EQUAL_OPERATOR,3
Avoid excessively long variable names like LESS_THAN_SERVICE_NAME,180,180,36,57,LongVariable,Code Style,NAMING_CONVENTIONS,AstBuilderListener,,LESS_THAN_SERVICE_NAME,3
Avoid excessively long variable names like LESS_THAN_OPERATOR,185,185,36,53,LongVariable,Code Style,NAMING_CONVENTIONS,AstBuilderListener,,LESS_THAN_OPERATOR,3
Avoid excessively long variable names like UNARY_MIN_SERVICE_NAME,230,230,36,57,LongVariable,Code Style,NAMING_CONVENTIONS,AstBuilderListener,,UNARY_MIN_SERVICE_NAME,3
Avoid excessively long variable names like UNARY_MIN_OPERATOR,235,235,36,53,LongVariable,Code Style,NAMING_CONVENTIONS,AstBuilderListener,,UNARY_MIN_OPERATOR,3
Avoid excessively long variable names like IMPLIES_SERVICE_NAME,270,270,36,55,LongVariable,Code Style,NAMING_CONVENTIONS,AstBuilderListener,,IMPLIES_SERVICE_NAME,3
Avoid excessively long variable names like OPERATOR_SERVICE_NAMES,280,280,41,62,LongVariable,Code Style,NAMING_CONVENTIONS,AstBuilderListener,,OPERATOR_SERVICE_NAMES,3
Avoid excessively long variable names like THIS_SHOULDN_T_HAPPEN,285,285,37,57,LongVariable,Code Style,NAMING_CONVENTIONS,AstBuilderListener,,THIS_SHOULDN_T_HAPPEN,3
Each class should declare at least one constructor,292,422,23,9,AtLeastOneConstructor,Code Style,INTERFACE,AstBuilderListener,,,3
Avoid really long methods.,294,421,24,17,ExcessiveMethodLength,Design,METRIC,AstBuilderListener$QueryErrorListener,syntaxError,,3
Parameter 'offendingSymbol' is not assigned and could be declared final,294,294,79,110,MethodArgumentCouldBeFinal,Code Style,BEST_PRACTICE,AstBuilderListener$QueryErrorListener,syntaxError,offendingSymbol,3
Parameter 'recognizer' is not assigned and could be declared final,294,294,41,76,MethodArgumentCouldBeFinal,Code Style,BEST_PRACTICE,AstBuilderListener$QueryErrorListener,syntaxError,recognizer,3
"The method 'syntaxError(Recognizer, Object, int, int, String, RecognitionException)' has a NCSS line count of 110.",294,421,24,17,NcssCount,Design,NcssCount,AstBuilderListener$QueryErrorListener,syntaxError,,3
"The method 'syntaxError(Recognizer, Object, int, int, String, RecognitionException)' has a cyclomatic complexity of 16.",294,421,24,17,CyclomaticComplexity,Design,METRIC,AstBuilderListener$QueryErrorListener,syntaxError,,3
Avoid excessively long variable names like charPositionInLine,295,295,47,64,LongVariable,Code Style,NAMING_CONVENTIONS,AstBuilderListener$QueryErrorListener,syntaxError,charPositionInLine,3
Avoid variables with short names like e,295,295,119,119,ShortVariable,Code Style,NAMING_CONVENTIONS,AstBuilderListener$QueryErrorListener,syntaxError,e,3
Parameter 'charPositionInLine' is not assigned and could be declared final,295,295,43,64,MethodArgumentCouldBeFinal,Code Style,BEST_PRACTICE,AstBuilderListener$QueryErrorListener,syntaxError,charPositionInLine,3
Parameter 'e' is not assigned and could be declared final,295,295,88,119,MethodArgumentCouldBeFinal,Code Style,BEST_PRACTICE,AstBuilderListener$QueryErrorListener,syntaxError,e,3
Parameter 'line' is not assigned and could be declared final,295,295,33,40,MethodArgumentCouldBeFinal,Code Style,BEST_PRACTICE,AstBuilderListener$QueryErrorListener,syntaxError,line,3
Parameter 'msg' is not assigned and could be declared final,295,295,67,85,MethodArgumentCouldBeFinal,Code Style,BEST_PRACTICE,AstBuilderListener$QueryErrorListener,syntaxError,msg,3
Avoid if (x != y) ..; else ..;,296,420,25,25,ConfusingTernary,Code Style,BEST_PRACTICE,AstBuilderListener$QueryErrorListener,syntaxError,,3
Avoid autogenerated methods to access private fields and methods of inner / outer classes,298,298,41,49,AccessorMethodGeneration,Best Practices,AccessorMethodGeneration,AstBuilderListener$QueryErrorListener,syntaxError,,3
Avoid autogenerated methods to access private fields and methods of inner / outer classes,299,299,81,103,AccessorMethodGeneration,Best Practices,AccessorMethodGeneration,AstBuilderListener$QueryErrorListener,syntaxError,,3
Avoid autogenerated methods to access private fields and methods of inner / outer classes,300,300,41,49,AccessorMethodGeneration,Best Practices,AccessorMethodGeneration,AstBuilderListener$QueryErrorListener,syntaxError,,3
Potential violation of Law of Demeter (method chain calls),301,302,66,73,LawOfDemeter,Design,OBJECT_ORIENTED_DESING,AstBuilderListener$QueryErrorListener,syntaxError,,3
Potential violation of Law of Demeter (method chain calls),301,302,66,73,LawOfDemeter,Design,OBJECT_ORIENTED_DESING,AstBuilderListener$QueryErrorListener,syntaxError,,3
Potential violation of Law of Demeter (method chain calls),301,302,82,72,LawOfDemeter,Design,OBJECT_ORIENTED_DESING,AstBuilderListener$QueryErrorListener,syntaxError,,3
Potential violation of Law of Demeter (method chain calls),301,302,82,72,LawOfDemeter,Design,OBJECT_ORIENTED_DESING,AstBuilderListener$QueryErrorListener,syntaxError,,3
Avoid autogenerated methods to access private fields and methods of inner / outer classes,303,303,41,58,AccessorMethodGeneration,Best Practices,AccessorMethodGeneration,AstBuilderListener$QueryErrorListener,syntaxError,,3
Avoid autogenerated methods to access private fields and methods of inner / outer classes,304,304,41,56,AccessorMethodGeneration,Best Practices,AccessorMethodGeneration,AstBuilderListener$QueryErrorListener,syntaxError,,3
Found 'DU'-anomaly for variable 'startPosition' (lines '306'-'421').,306,421,55,73,DataflowAnomalyAnalysis,Error Prone,RESOURCE,AstBuilderListener$QueryErrorListener,syntaxError,startPosition,5
Potential violation of Law of Demeter (method chain calls),306,307,71,73,LawOfDemeter,Design,OBJECT_ORIENTED_DESING,AstBuilderListener$QueryErrorListener,syntaxError,,3
Potential violation of Law of Demeter (method chain calls),306,307,71,73,LawOfDemeter,Design,OBJECT_ORIENTED_DESING,AstBuilderListener$QueryErrorListener,syntaxError,,3
Potential violation of Law of Demeter (method chain calls),306,307,87,72,LawOfDemeter,Design,OBJECT_ORIENTED_DESING,AstBuilderListener$QueryErrorListener,syntaxError,,3
Potential violation of Law of Demeter (method chain calls),306,307,87,72,LawOfDemeter,Design,OBJECT_ORIENTED_DESING,AstBuilderListener$QueryErrorListener,syntaxError,,3
Found 'DU'-anomaly for variable 'endPosition' (lines '308'-'421').,308,421,55,128,DataflowAnomalyAnalysis,Error Prone,RESOURCE,AstBuilderListener$QueryErrorListener,syntaxError,endPosition,5
Potential violation of Law of Demeter (method chain calls),308,308,69,128,LawOfDemeter,Design,OBJECT_ORIENTED_DESING,AstBuilderListener$QueryErrorListener,syntaxError,,3
Potential violation of Law of Demeter (method chain calls),308,308,85,123,LawOfDemeter,Design,OBJECT_ORIENTED_DESING,AstBuilderListener$QueryErrorListener,syntaxError,,3
Potential violation of Law of Demeter (method chain calls),309,309,45,66,LawOfDemeter,Design,OBJECT_ORIENTED_DESING,AstBuilderListener$QueryErrorListener,syntaxError,,3
Avoid autogenerated methods to access private fields and methods of inner / outer classes,310,310,49,57,AccessorMethodGeneration,Best Practices,AccessorMethodGeneration,AstBuilderListener$QueryErrorListener,syntaxError,,3
Potential violation of Law of Demeter (method chain calls),311,311,77,120,LawOfDemeter,Design,OBJECT_ORIENTED_DESING,AstBuilderListener$QueryErrorListener,syntaxError,,3
Potential violation of Law of Demeter (method chain calls),311,311,77,120,LawOfDemeter,Design,OBJECT_ORIENTED_DESING,AstBuilderListener$QueryErrorListener,syntaxError,,3
Potential violation of Law of Demeter (method chain calls),311,311,77,120,LawOfDemeter,Design,OBJECT_ORIENTED_DESING,AstBuilderListener$QueryErrorListener,syntaxError,,3
Avoid autogenerated methods to access private fields and methods of inner / outer classes,312,312,79,102,AccessorMethodGeneration,Best Practices,AccessorMethodGeneration,AstBuilderListener$QueryErrorListener,syntaxError,,3
Avoid autogenerated methods to access private fields and methods of inner / outer classes,313,313,49,66,AccessorMethodGeneration,Best Practices,AccessorMethodGeneration,AstBuilderListener$QueryErrorListener,syntaxError,,3
Avoid autogenerated methods to access private fields and methods of inner / outer classes,314,314,49,64,AccessorMethodGeneration,Best Practices,AccessorMethodGeneration,AstBuilderListener$QueryErrorListener,syntaxError,,3
Avoid autogenerated methods to access private fields and methods of inner / outer classes,315,315,49,58,AccessorMethodGeneration,Best Practices,AccessorMethodGeneration,AstBuilderListener$QueryErrorListener,syntaxError,,3
Avoid autogenerated methods to access private fields and methods of inner / outer classes,316,316,87,89,AccessorMethodGeneration,Best Practices,AccessorMethodGeneration,AstBuilderListener$QueryErrorListener,syntaxError,,3
Avoid excessively long variable names like variableExpression,316,316,66,83,LongVariable,Code Style,NAMING_CONVENTIONS,AstBuilderListener$QueryErrorListener,syntaxError,variableExpression,3
Avoid autogenerated methods to access private fields and methods of inner / outer classes,317,317,97,123,AccessorMethodGeneration,Best Practices,AccessorMethodGeneration,AstBuilderListener$QueryErrorListener,syntaxError,,3
Avoid excessively long variable names like variableDeclaration,317,317,75,93,LongVariable,Code Style,NAMING_CONVENTIONS,AstBuilderListener$QueryErrorListener,syntaxError,variableDeclaration,3
Avoid autogenerated methods to access private fields and methods of inner / outer classes,319,319,49,66,AccessorMethodGeneration,Best Practices,AccessorMethodGeneration,AstBuilderListener$QueryErrorListener,syntaxError,,3
Avoid autogenerated methods to access private fields and methods of inner / outer classes,320,320,49,64,AccessorMethodGeneration,Best Practices,AccessorMethodGeneration,AstBuilderListener$QueryErrorListener,syntaxError,,3
Avoid autogenerated methods to access private fields and methods of inner / outer classes,321,321,49,52,AccessorMethodGeneration,Best Practices,AccessorMethodGeneration,AstBuilderListener$QueryErrorListener,syntaxError,,3
Avoid autogenerated methods to access private fields and methods of inner / outer classes,322,322,89,111,AccessorMethodGeneration,Best Practices,AccessorMethodGeneration,AstBuilderListener$QueryErrorListener,syntaxError,,3
Avoid autogenerated methods to access private fields and methods of inner / outer classes,323,323,49,57,AccessorMethodGeneration,Best Practices,AccessorMethodGeneration,AstBuilderListener$QueryErrorListener,syntaxError,,3
Avoid autogenerated methods to access private fields and methods of inner / outer classes,324,324,49,66,AccessorMethodGeneration,Best Practices,AccessorMethodGeneration,AstBuilderListener$QueryErrorListener,syntaxError,,3
Avoid autogenerated methods to access private fields and methods of inner / outer classes,325,325,49,64,AccessorMethodGeneration,Best Practices,AccessorMethodGeneration,AstBuilderListener$QueryErrorListener,syntaxError,,3
Avoid autogenerated methods to access private fields and methods of inner / outer classes,326,326,54,63,AccessorMethodGeneration,Best Practices,AccessorMethodGeneration,AstBuilderListener$QueryErrorListener,syntaxError,,3
Avoid autogenerated methods to access private fields and methods of inner / outer classes,327,327,49,57,AccessorMethodGeneration,Best Practices,AccessorMethodGeneration,AstBuilderListener$QueryErrorListener,syntaxError,,3
Avoid autogenerated methods to access private fields and methods of inner / outer classes,328,328,91,114,AccessorMethodGeneration,Best Practices,AccessorMethodGeneration,AstBuilderListener$QueryErrorListener,syntaxError,,3
Avoid autogenerated methods to access private fields and methods of inner / outer classes,329,329,49,66,AccessorMethodGeneration,Best Practices,AccessorMethodGeneration,AstBuilderListener$QueryErrorListener,syntaxError,,3
Avoid autogenerated methods to access private fields and methods of inner / outer classes,330,330,49,64,AccessorMethodGeneration,Best Practices,AccessorMethodGeneration,AstBuilderListener$QueryErrorListener,syntaxError,,3
Avoid autogenerated methods to access private fields and methods of inner / outer classes,331,331,49,57,AccessorMethodGeneration,Best Practices,AccessorMethodGeneration,AstBuilderListener$QueryErrorListener,syntaxError,,3
Potential violation of Law of Demeter (method chain calls),334,335,71,127,LawOfDemeter,Design,OBJECT_ORIENTED_DESING,AstBuilderListener$QueryErrorListener,syntaxError,,3
Potential violation of Law of Demeter (method chain calls),334,335,71,127,LawOfDemeter,Design,OBJECT_ORIENTED_DESING,AstBuilderListener$QueryErrorListener,syntaxError,,3
Potential violation of Law of Demeter (method chain calls),335,335,66,126,LawOfDemeter,Design,OBJECT_ORIENTED_DESING,AstBuilderListener$QueryErrorListener,syntaxError,,3
Potential violation of Law of Demeter (method chain calls),335,335,66,126,LawOfDemeter,Design,OBJECT_ORIENTED_DESING,AstBuilderListener$QueryErrorListener,syntaxError,,3
Potential violation of Law of Demeter (method chain calls),336,336,69,128,LawOfDemeter,Design,OBJECT_ORIENTED_DESING,AstBuilderListener$QueryErrorListener,syntaxError,,3
Potential violation of Law of Demeter (method chain calls),336,336,85,123,LawOfDemeter,Design,OBJECT_ORIENTED_DESING,AstBuilderListener$QueryErrorListener,syntaxError,,3
Potential violation of Law of Demeter (method chain calls),337,337,45,70,LawOfDemeter,Design,OBJECT_ORIENTED_DESING,AstBuilderListener$QueryErrorListener,syntaxError,,3
Avoid autogenerated methods to access private fields and methods of inner / outer classes,338,338,49,57,AccessorMethodGeneration,Best Practices,AccessorMethodGeneration,AstBuilderListener$QueryErrorListener,syntaxError,,3
Potential violation of Law of Demeter (method chain calls),339,339,77,108,LawOfDemeter,Design,OBJECT_ORIENTED_DESING,AstBuilderListener$QueryErrorListener,syntaxError,,3
Potential violation of Law of Demeter (method chain calls),339,339,77,108,LawOfDemeter,Design,OBJECT_ORIENTED_DESING,AstBuilderListener$QueryErrorListener,syntaxError,,3
Avoid autogenerated methods to access private fields and methods of inner / outer classes,340,340,74,88,AccessorMethodGeneration,Best Practices,AccessorMethodGeneration,AstBuilderListener$QueryErrorListener,syntaxError,,3
Potential violation of Law of Demeter (method chain calls),340,341,74,67,LawOfDemeter,Design,OBJECT_ORIENTED_DESING,AstBuilderListener$QueryErrorListener,syntaxError,,3
Potential violation of Law of Demeter (method chain calls),340,341,114,66,LawOfDemeter,Design,OBJECT_ORIENTED_DESING,AstBuilderListener$QueryErrorListener,syntaxError,,3
Avoid autogenerated methods to access private fields and methods of inner / outer classes,342,342,49,64,AccessorMethodGeneration,Best Practices,AccessorMethodGeneration,AstBuilderListener$QueryErrorListener,syntaxError,,3
Avoid autogenerated methods to access private fields and methods of inner / outer classes,343,343,87,89,AccessorMethodGeneration,Best Practices,AccessorMethodGeneration,AstBuilderListener$QueryErrorListener,syntaxError,,3
Avoid excessively long variable names like variableExpression,343,343,66,83,LongVariable,Code Style,NAMING_CONVENTIONS,AstBuilderListener$QueryErrorListener,syntaxError,variableExpression,3
Avoid autogenerated methods to access private fields and methods of inner / outer classes,344,344,97,123,AccessorMethodGeneration,Best Practices,AccessorMethodGeneration,AstBuilderListener$QueryErrorListener,syntaxError,,3
Avoid excessively long variable names like variableDeclaration,344,344,75,93,LongVariable,Code Style,NAMING_CONVENTIONS,AstBuilderListener$QueryErrorListener,syntaxError,variableDeclaration,3
Avoid autogenerated methods to access private fields and methods of inner / outer classes,346,346,49,66,AccessorMethodGeneration,Best Practices,AccessorMethodGeneration,AstBuilderListener$QueryErrorListener,syntaxError,,3
Avoid autogenerated methods to access private fields and methods of inner / outer classes,347,347,49,64,AccessorMethodGeneration,Best Practices,AccessorMethodGeneration,AstBuilderListener$QueryErrorListener,syntaxError,,3
Avoid autogenerated methods to access private fields and methods of inner / outer classes,348,348,49,52,AccessorMethodGeneration,Best Practices,AccessorMethodGeneration,AstBuilderListener$QueryErrorListener,syntaxError,,3
Avoid autogenerated methods to access private fields and methods of inner / outer classes,350,350,87,89,AccessorMethodGeneration,Best Practices,AccessorMethodGeneration,AstBuilderListener$QueryErrorListener,syntaxError,,3
Avoid excessively long variable names like variableExpression,350,350,66,83,LongVariable,Code Style,NAMING_CONVENTIONS,AstBuilderListener$QueryErrorListener,syntaxError,variableExpression,3
Avoid autogenerated methods to access private fields and methods of inner / outer classes,351,351,49,57,AccessorMethodGeneration,Best Practices,AccessorMethodGeneration,AstBuilderListener$QueryErrorListener,syntaxError,,3
Avoid autogenerated methods to access private fields and methods of inner / outer classes,352,353,107,89,AccessorMethodGeneration,Best Practices,AccessorMethodGeneration,AstBuilderListener$QueryErrorListener,syntaxError,,3
Avoid excessively long variable names like errorVariableDeclaration,352,352,80,103,LongVariable,Code Style,NAMING_CONVENTIONS,AstBuilderListener$QueryErrorListener,syntaxError,errorVariableDeclaration,3
Avoid autogenerated methods to access private fields and methods of inner / outer classes,354,354,49,66,AccessorMethodGeneration,Best Practices,AccessorMethodGeneration,AstBuilderListener$QueryErrorListener,syntaxError,,3
Avoid autogenerated methods to access private fields and methods of inner / outer classes,355,355,49,64,AccessorMethodGeneration,Best Practices,AccessorMethodGeneration,AstBuilderListener$QueryErrorListener,syntaxError,,3
Avoid autogenerated methods to access private fields and methods of inner / outer classes,356,356,49,57,AccessorMethodGeneration,Best Practices,AccessorMethodGeneration,AstBuilderListener$QueryErrorListener,syntaxError,,3
Avoid autogenerated methods to access private fields and methods of inner / outer classes,358,358,81,103,AccessorMethodGeneration,Best Practices,AccessorMethodGeneration,AstBuilderListener$QueryErrorListener,syntaxError,,3
Avoid autogenerated methods to access private fields and methods of inner / outer classes,359,359,41,58,AccessorMethodGeneration,Best Practices,AccessorMethodGeneration,AstBuilderListener$QueryErrorListener,syntaxError,,3
Avoid autogenerated methods to access private fields and methods of inner / outer classes,360,360,41,56,AccessorMethodGeneration,Best Practices,AccessorMethodGeneration,AstBuilderListener$QueryErrorListener,syntaxError,,3
Avoid autogenerated methods to access private fields and methods of inner / outer classes,361,361,41,49,AccessorMethodGeneration,Best Practices,AccessorMethodGeneration,AstBuilderListener$QueryErrorListener,syntaxError,,3
Avoid autogenerated methods to access private fields and methods of inner / outer classes,363,363,41,49,AccessorMethodGeneration,Best Practices,AccessorMethodGeneration,AstBuilderListener$QueryErrorListener,syntaxError,,3
Avoid autogenerated methods to access private fields and methods of inner / outer classes,364,364,69,71,AccessorMethodGeneration,Best Practices,AccessorMethodGeneration,AstBuilderListener$QueryErrorListener,syntaxError,,3
Avoid autogenerated methods to access private fields and methods of inner / outer classes,365,365,89,115,AccessorMethodGeneration,Best Practices,AccessorMethodGeneration,AstBuilderListener$QueryErrorListener,syntaxError,,3
Avoid excessively long variable names like errorCollectionCall,365,365,67,85,LongVariable,Code Style,NAMING_CONVENTIONS,AstBuilderListener$QueryErrorListener,syntaxError,errorCollectionCall,3
Avoid autogenerated methods to access private fields and methods of inner / outer classes,366,366,41,58,AccessorMethodGeneration,Best Practices,AccessorMethodGeneration,AstBuilderListener$QueryErrorListener,syntaxError,,3
Avoid autogenerated methods to access private fields and methods of inner / outer classes,366,366,81,98,AccessorMethodGeneration,Best Practices,AccessorMethodGeneration,AstBuilderListener$QueryErrorListener,syntaxError,,3
Avoid autogenerated methods to access private fields and methods of inner / outer classes,367,367,41,56,AccessorMethodGeneration,Best Practices,AccessorMethodGeneration,AstBuilderListener$QueryErrorListener,syntaxError,,3
Potential violation of Law of Demeter (method chain calls),367,368,41,77,LawOfDemeter,Design,OBJECT_ORIENTED_DESING,AstBuilderListener$QueryErrorListener,syntaxError,,3
Potential violation of Law of Demeter (method chain calls),367,368,79,76,LawOfDemeter,Design,OBJECT_ORIENTED_DESING,AstBuilderListener$QueryErrorListener,syntaxError,,3
Potential violation of Law of Demeter (method chain calls),367,368,95,71,LawOfDemeter,Design,OBJECT_ORIENTED_DESING,AstBuilderListener$QueryErrorListener,syntaxError,,3
Avoid autogenerated methods to access private fields and methods of inner / outer classes,369,369,41,49,AccessorMethodGeneration,Best Practices,AccessorMethodGeneration,AstBuilderListener$QueryErrorListener,syntaxError,,3
Avoid autogenerated methods to access private fields and methods of inner / outer classes,371,371,41,49,AccessorMethodGeneration,Best Practices,AccessorMethodGeneration,AstBuilderListener$QueryErrorListener,syntaxError,,3
Avoid autogenerated methods to access private fields and methods of inner / outer classes,372,372,69,71,AccessorMethodGeneration,Best Practices,AccessorMethodGeneration,AstBuilderListener$QueryErrorListener,syntaxError,,3
Avoid autogenerated methods to access private fields and methods of inner / outer classes,373,374,99,81,AccessorMethodGeneration,Best Practices,AccessorMethodGeneration,AstBuilderListener$QueryErrorListener,syntaxError,,3
Avoid excessively long variable names like errorFeatureAccessOrCall,373,373,72,95,LongVariable,Code Style,NAMING_CONVENTIONS,AstBuilderListener$QueryErrorListener,syntaxError,errorFeatureAccessOrCall,3
Avoid autogenerated methods to access private fields and methods of inner / outer classes,375,375,41,58,AccessorMethodGeneration,Best Practices,AccessorMethodGeneration,AstBuilderListener$QueryErrorListener,syntaxError,,3
Avoid autogenerated methods to access private fields and methods of inner / outer classes,375,375,86,103,AccessorMethodGeneration,Best Practices,AccessorMethodGeneration,AstBuilderListener$QueryErrorListener,syntaxError,,3
Avoid autogenerated methods to access private fields and methods of inner / outer classes,376,376,41,56,AccessorMethodGeneration,Best Practices,AccessorMethodGeneration,AstBuilderListener$QueryErrorListener,syntaxError,,3
Potential violation of Law of Demeter (method chain calls),376,377,41,77,LawOfDemeter,Design,OBJECT_ORIENTED_DESING,AstBuilderListener$QueryErrorListener,syntaxError,,3
Potential violation of Law of Demeter (method chain calls),376,377,84,76,LawOfDemeter,Design,OBJECT_ORIENTED_DESING,AstBuilderListener$QueryErrorListener,syntaxError,,3
Potential violation of Law of Demeter (method chain calls),376,377,100,71,LawOfDemeter,Design,OBJECT_ORIENTED_DESING,AstBuilderListener$QueryErrorListener,syntaxError,,3
Avoid autogenerated methods to access private fields and methods of inner / outer classes,378,378,41,49,AccessorMethodGeneration,Best Practices,AccessorMethodGeneration,AstBuilderListener$QueryErrorListener,syntaxError,,3
Avoid autogenerated methods to access private fields and methods of inner / outer classes,380,380,41,49,AccessorMethodGeneration,Best Practices,AccessorMethodGeneration,AstBuilderListener$QueryErrorListener,syntaxError,,3
Potential violation of Law of Demeter (method chain calls),380,380,53,77,LawOfDemeter,Design,OBJECT_ORIENTED_DESING,AstBuilderListener$QueryErrorListener,syntaxError,,3
"A switch with less than three branches is inefficient, use a if statement instead.",381,394,41,41,TooFewBranchesForASwitchStatement,Performance,METRIC,AstBuilderListener$QueryErrorListener,syntaxError,,3
Potential violation of Law of Demeter (method chain calls),381,381,49,73,LawOfDemeter,Design,OBJECT_ORIENTED_DESING,AstBuilderListener$QueryErrorListener,syntaxError,,3
Avoid autogenerated methods to access private fields and methods of inner / outer classes,383,383,97,119,AccessorMethodGeneration,Best Practices,AccessorMethodGeneration,AstBuilderListener$QueryErrorListener,syntaxError,,3
Potential violation of Law of Demeter (method chain calls),384,385,82,89,LawOfDemeter,Design,OBJECT_ORIENTED_DESING,AstBuilderListener$QueryErrorListener,syntaxError,,3
Potential violation of Law of Demeter (method chain calls),384,385,82,89,LawOfDemeter,Design,OBJECT_ORIENTED_DESING,AstBuilderListener$QueryErrorListener,syntaxError,,3
Potential violation of Law of Demeter (method chain calls),384,385,98,88,LawOfDemeter,Design,OBJECT_ORIENTED_DESING,AstBuilderListener$QueryErrorListener,syntaxError,,3
Potential violation of Law of Demeter (method chain calls),384,385,98,88,LawOfDemeter,Design,OBJECT_ORIENTED_DESING,AstBuilderListener$QueryErrorListener,syntaxError,,3
Avoid autogenerated methods to access private fields and methods of inner / outer classes,386,386,57,74,AccessorMethodGeneration,Best Practices,AccessorMethodGeneration,AstBuilderListener$QueryErrorListener,syntaxError,,3
Avoid autogenerated methods to access private fields and methods of inner / outer classes,387,387,57,72,AccessorMethodGeneration,Best Practices,AccessorMethodGeneration,AstBuilderListener$QueryErrorListener,syntaxError,,3
Potential violation of Law of Demeter (method chain calls),387,388,57,93,LawOfDemeter,Design,OBJECT_ORIENTED_DESING,AstBuilderListener$QueryErrorListener,syntaxError,,3
Potential violation of Law of Demeter (method chain calls),387,388,91,92,LawOfDemeter,Design,OBJECT_ORIENTED_DESING,AstBuilderListener$QueryErrorListener,syntaxError,,3
Potential violation of Law of Demeter (method chain calls),387,388,107,87,LawOfDemeter,Design,OBJECT_ORIENTED_DESING,AstBuilderListener$QueryErrorListener,syntaxError,,3
Avoid autogenerated methods to access private fields and methods of inner / outer classes,389,389,57,65,AccessorMethodGeneration,Best Practices,AccessorMethodGeneration,AstBuilderListener$QueryErrorListener,syntaxError,,3
Potential violation of Law of Demeter (object not created locally),398,398,37,55,LawOfDemeter,Design,OBJECT_ORIENTED_DESING,AstBuilderListener$QueryErrorListener,syntaxError,,3
Found 'DU'-anomaly for variable 'startPosition' (lines '399'-'421').,399,421,55,93,DataflowAnomalyAnalysis,Error Prone,RESOURCE,AstBuilderListener$QueryErrorListener,syntaxError,startPosition,5
Potential violation of Law of Demeter (method chain calls),399,400,71,93,LawOfDemeter,Design,OBJECT_ORIENTED_DESING,AstBuilderListener$QueryErrorListener,syntaxError,,3
Potential violation of Law of Demeter (method chain calls),399,400,71,93,LawOfDemeter,Design,OBJECT_ORIENTED_DESING,AstBuilderListener$QueryErrorListener,syntaxError,,3
Potential violation of Law of Demeter (method chain calls),399,400,87,92,LawOfDemeter,Design,OBJECT_ORIENTED_DESING,AstBuilderListener$QueryErrorListener,syntaxError,,3
Potential violation of Law of Demeter (method chain calls),399,400,87,92,LawOfDemeter,Design,OBJECT_ORIENTED_DESING,AstBuilderListener$QueryErrorListener,syntaxError,,3
Potential violation of Law of Demeter (object not created locally),399,400,87,92,LawOfDemeter,Design,OBJECT_ORIENTED_DESING,AstBuilderListener$QueryErrorListener,syntaxError,,3
Potential violation of Law of Demeter (object not created locally),399,400,116,69,LawOfDemeter,Design,OBJECT_ORIENTED_DESING,AstBuilderListener$QueryErrorListener,syntaxError,,3
Found 'DU'-anomaly for variable 'endPosition' (lines '401'-'421').,401,421,55,128,DataflowAnomalyAnalysis,Error Prone,RESOURCE,AstBuilderListener$QueryErrorListener,syntaxError,endPosition,5
Potential violation of Law of Demeter (method chain calls),401,401,69,128,LawOfDemeter,Design,OBJECT_ORIENTED_DESING,AstBuilderListener$QueryErrorListener,syntaxError,,3
Potential violation of Law of Demeter (method chain calls),401,401,85,123,LawOfDemeter,Design,OBJECT_ORIENTED_DESING,AstBuilderListener$QueryErrorListener,syntaxError,,3
Avoid autogenerated methods to access private fields and methods of inner / outer classes,402,402,41,49,AccessorMethodGeneration,Best Practices,AccessorMethodGeneration,AstBuilderListener$QueryErrorListener,syntaxError,,3
Potential violation of Law of Demeter (method chain calls),403,403,70,100,LawOfDemeter,Design,OBJECT_ORIENTED_DESING,AstBuilderListener$QueryErrorListener,syntaxError,,3
Potential violation of Law of Demeter (object not created locally),403,403,70,100,LawOfDemeter,Design,OBJECT_ORIENTED_DESING,AstBuilderListener$QueryErrorListener,syntaxError,,3
Avoid using Literals in Conditional Statements,404,404,75,75,AvoidLiteralsInIfCondition,Error Prone,BEST_PRACTICE,AstBuilderListener$QueryErrorListener,syntaxError,,3
Potential violation of Law of Demeter (object not created locally),404,404,45,70,LawOfDemeter,Design,OBJECT_ORIENTED_DESING,AstBuilderListener$QueryErrorListener,syntaxError,,3
Avoid autogenerated methods to access private fields and methods of inner / outer classes,405,406,91,81,AccessorMethodGeneration,Best Practices,AccessorMethodGeneration,AstBuilderListener$QueryErrorListener,syntaxError,,3
Potential violation of Law of Demeter (method chain calls),406,406,97,128,LawOfDemeter,Design,OBJECT_ORIENTED_DESING,AstBuilderListener$QueryErrorListener,syntaxError,,3
Potential violation of Law of Demeter (object not created locally),406,406,97,128,LawOfDemeter,Design,OBJECT_ORIENTED_DESING,AstBuilderListener$QueryErrorListener,syntaxError,,3
Avoid autogenerated methods to access private fields and methods of inner / outer classes,407,407,49,66,AccessorMethodGeneration,Best Practices,AccessorMethodGeneration,AstBuilderListener$QueryErrorListener,syntaxError,,3
Avoid autogenerated methods to access private fields and methods of inner / outer classes,408,408,49,64,AccessorMethodGeneration,Best Practices,AccessorMethodGeneration,AstBuilderListener$QueryErrorListener,syntaxError,,3
Avoid autogenerated methods to access private fields and methods of inner / outer classes,409,409,49,57,AccessorMethodGeneration,Best Practices,AccessorMethodGeneration,AstBuilderListener$QueryErrorListener,syntaxError,,3
Avoid using Literals in Conditional Statements,410,410,82,82,AvoidLiteralsInIfCondition,Error Prone,BEST_PRACTICE,AstBuilderListener$QueryErrorListener,syntaxError,,3
Potential violation of Law of Demeter (object not created locally),410,410,52,77,LawOfDemeter,Design,OBJECT_ORIENTED_DESING,AstBuilderListener$QueryErrorListener,syntaxError,,3
Avoid autogenerated methods to access private fields and methods of inner / outer classes,411,411,91,114,AccessorMethodGeneration,Best Practices,AccessorMethodGeneration,AstBuilderListener$QueryErrorListener,syntaxError,,3
Potential violation of Law of Demeter (method chain calls),412,412,65,96,LawOfDemeter,Design,OBJECT_ORIENTED_DESING,AstBuilderListener$QueryErrorListener,syntaxError,,3
Potential violation of Law of Demeter (method chain calls),412,412,99,130,LawOfDemeter,Design,OBJECT_ORIENTED_DESING,AstBuilderListener$QueryErrorListener,syntaxError,,3
Potential violation of Law of Demeter (object not created locally),412,412,65,96,LawOfDemeter,Design,OBJECT_ORIENTED_DESING,AstBuilderListener$QueryErrorListener,syntaxError,,3
Potential violation of Law of Demeter (object not created locally),412,412,99,130,LawOfDemeter,Design,OBJECT_ORIENTED_DESING,AstBuilderListener$QueryErrorListener,syntaxError,,3
Avoid autogenerated methods to access private fields and methods of inner / outer classes,413,413,49,66,AccessorMethodGeneration,Best Practices,AccessorMethodGeneration,AstBuilderListener$QueryErrorListener,syntaxError,,3
Avoid autogenerated methods to access private fields and methods of inner / outer classes,414,414,49,64,AccessorMethodGeneration,Best Practices,AccessorMethodGeneration,AstBuilderListener$QueryErrorListener,syntaxError,,3
Avoid autogenerated methods to access private fields and methods of inner / outer classes,415,415,49,57,AccessorMethodGeneration,Best Practices,AccessorMethodGeneration,AstBuilderListener$QueryErrorListener,syntaxError,,3
"Fields should be declared at the top of the class, before any method declarations, constructors, initializers or inner classes.",427,427,30,47,FieldDeclarationsShouldBeAtStartOfClass,Code Style,BEST_PRACTICE,AstBuilderListener,,NO_ERROR,3
Avoid excessively long variable names like FULLY_QUALIFIED_NAME,432,432,34,53,LongVariable,Code Style,NAMING_CONVENTIONS,AstBuilderListener,,FULLY_QUALIFIED_NAME,3
"Fields should be declared at the top of the class, before any method declarations, constructors, initializers or inner classes.",432,432,30,58,FieldDeclarationsShouldBeAtStartOfClass,Code Style,BEST_PRACTICE,AstBuilderListener,,FULLY_QUALIFIED_NAME,3
Avoid excessively long variable names like INTERNAL_ERROR_MSG,437,437,37,54,LongVariable,Code Style,NAMING_CONVENTIONS,AstBuilderListener,,INTERNAL_ERROR_MSG,3
"Fields should be declared at the top of the class, before any method declarations, constructors, initializers or inner classes.",437,437,30,117,FieldDeclarationsShouldBeAtStartOfClass,Code Style,BEST_PRACTICE,AstBuilderListener,,INTERNAL_ERROR_MSG,3
"Fields should be declared at the top of the class, before any method declarations, constructors, initializers or inner classes.",442,442,17,58,FieldDeclarationsShouldBeAtStartOfClass,Code Style,BEST_PRACTICE,AstBuilderListener,,stack,3
"Found non-transient, non-static member. Please mark as transient or provide accessors.",442,442,31,35,BeanMembersShouldSerialize,Error Prone,BEST_PRACTICE,AstBuilderListener,,stack,3
Private field 'stack' could be made final; it is only initialized in the declaration or constructor.,442,442,31,35,ImmutableField,Design,BEST_PRACTICE,AstBuilderListener,,stack,3
"Fields should be declared at the top of the class, before any method declarations, constructors, initializers or inner classes.",447,447,17,35,FieldDeclarationsShouldBeAtStartOfClass,Code Style,BEST_PRACTICE,AstBuilderListener,,errorRule,3
"Found non-transient, non-static member. Please mark as transient or provide accessors.",447,447,21,29,BeanMembersShouldSerialize,Error Prone,BEST_PRACTICE,AstBuilderListener,,errorRule,3
Comment is too large: Line too long,450,450,1,3,CommentSize,Documentation,METRIC,AstBuilderListener,,,3
"Fields should be declared at the top of the class, before any method declarations, constructors, initializers or inner classes.",453,453,23,91,FieldDeclarationsShouldBeAtStartOfClass,Code Style,BEST_PRACTICE,AstBuilderListener,,startPositions,3
"Found non-transient, non-static member. Please mark as transient or provide accessors.",453,453,44,57,BeanMembersShouldSerialize,Error Prone,BEST_PRACTICE,AstBuilderListener,,startPositions,3
"If you run in Java5 or newer and have concurrent access, you should use the ConcurrentHashMap implementation",453,453,23,42,UseConcurrentHashMap,Multithreading,CONCURRENCY,AstBuilderListener,,,3
Comment is too large: Line too long,456,456,1,3,CommentSize,Documentation,METRIC,AstBuilderListener,,,3
"Fields should be declared at the top of the class, before any method declarations, constructors, initializers or inner classes.",459,459,23,89,FieldDeclarationsShouldBeAtStartOfClass,Code Style,BEST_PRACTICE,AstBuilderListener,,endPositions,3
"Found non-transient, non-static member. Please mark as transient or provide accessors.",459,459,44,55,BeanMembersShouldSerialize,Error Prone,BEST_PRACTICE,AstBuilderListener,,endPositions,3
"If you run in Java5 or newer and have concurrent access, you should use the ConcurrentHashMap implementation",459,459,23,42,UseConcurrentHashMap,Multithreading,CONCURRENCY,AstBuilderListener,,,3
"Fields should be declared at the top of the class, before any method declarations, constructors, initializers or inner classes.",464,464,23,66,FieldDeclarationsShouldBeAtStartOfClass,Code Style,BEST_PRACTICE,AstBuilderListener,,errors,3
"Found non-transient, non-static member. Please mark as transient or provide accessors.",464,464,35,40,BeanMembersShouldSerialize,Error Prone,BEST_PRACTICE,AstBuilderListener,,errors,3
Comment is too large: Line too long,467,467,1,3,CommentSize,Documentation,METRIC,AstBuilderListener,,,3
"Fields should be declared at the top of the class, before any method declarations, constructors, initializers or inner classes.",469,469,23,82,FieldDeclarationsShouldBeAtStartOfClass,Code Style,BEST_PRACTICE,AstBuilderListener,,errorListener,3
"Fields should be declared at the top of the class, before any method declarations, constructors, initializers or inner classes.",474,474,17,54,FieldDeclarationsShouldBeAtStartOfClass,Code Style,BEST_PRACTICE,AstBuilderListener,,builder,3
"Found non-transient, non-static member. Please mark as transient or provide accessors.",474,474,28,34,BeanMembersShouldSerialize,Error Prone,BEST_PRACTICE,AstBuilderListener,,builder,3
Private field 'builder' could be made final; it is only initialized in the declaration or constructor.,474,474,28,34,ImmutableField,Design,BEST_PRACTICE,AstBuilderListener,,builder,3
Comment is too large: Line too long,477,477,1,3,CommentSize,Documentation,METRIC,AstBuilderListener,,,3
"Fields should be declared at the top of the class, before any method declarations, constructors, initializers or inner classes.",479,479,17,46,FieldDeclarationsShouldBeAtStartOfClass,Code Style,BEST_PRACTICE,AstBuilderListener,,environment,3
"Found non-transient, non-static member. Please mark as transient or provide accessors.",479,479,35,45,BeanMembersShouldSerialize,Error Prone,BEST_PRACTICE,AstBuilderListener,,environment,3
Private field 'environment' could be made final; it is only initialized in the declaration or constructor.,479,479,35,45,ImmutableField,Design,BEST_PRACTICE,AstBuilderListener,,environment,3
It is a good practice to call super() in a constructor,487,489,16,9,CallSuperInConstructor,Code Style,OBJECT_ORIENTED_DESING,AstBuilderListener,AstBuilderListener,,3
Parameter 'environment' is not assigned and could be declared final,487,487,35,63,MethodArgumentCouldBeFinal,Code Style,BEST_PRACTICE,AstBuilderListener,AstBuilderListener,environment,3
'catch' branch identical to 'EmptyStackException' branch,538,540,19,17,IdenticalCatchBranches,Code Style,STYLE_CONVENTIONS,AstBuilderListener,pop,,3
'catch' branch identical to 'EmptyStackException' branch,553,555,19,17,IdenticalCatchBranches,Code Style,STYLE_CONVENTIONS,AstBuilderListener,popString,,3
'catch' branch identical to 'EmptyStackException' branch,568,570,19,17,IdenticalCatchBranches,Code Style,STYLE_CONVENTIONS,AstBuilderListener,popVariableDeclaration,,3
'catch' branch identical to 'EmptyStackException' branch,583,585,19,17,IdenticalCatchBranches,Code Style,STYLE_CONVENTIONS,AstBuilderListener,popTypeLiteral,,3
'catch' branch identical to 'EmptyStackException' branch,598,600,19,17,IdenticalCatchBranches,Code Style,STYLE_CONVENTIONS,AstBuilderListener,popArgs,,3
Parameter 'obj' is not assigned and could be declared final,609,609,27,36,MethodArgumentCouldBeFinal,Code Style,BEST_PRACTICE,AstBuilderListener,push,obj,3
Parameter 'error' is not assigned and could be declared final,619,619,32,42,MethodArgumentCouldBeFinal,Code Style,BEST_PRACTICE,AstBuilderListener,pushError,error,3
Parameter 'ctx' is not assigned and could be declared final,625,625,33,50,MethodArgumentCouldBeFinal,Code Style,BEST_PRACTICE,AstBuilderListener,exitIntType,ctx,3
Unnecessary use of fully qualified name 'java.lang.Boolean' due to existing implicit import 'java.lang.*',626,626,69,85,UnnecessaryFullyQualifiedName,Code Style,BEST_PRACTICE,AstBuilderListener,exitIntType,,4
Potential violation of Law of Demeter (static property access),628,628,65,89,LawOfDemeter,Design,OBJECT_ORIENTED_DESING,AstBuilderListener,exitIntType,,3
Potential violation of Law of Demeter (static property access),629,629,63,85,LawOfDemeter,Design,OBJECT_ORIENTED_DESING,AstBuilderListener,exitIntType,,3
Parameter 'ctx' is not assigned and could be declared final,635,635,34,52,MethodArgumentCouldBeFinal,Code Style,BEST_PRACTICE,AstBuilderListener,exitFalseLit,ctx,3
Potential violation of Law of Demeter (static property access),638,638,68,92,LawOfDemeter,Design,OBJECT_ORIENTED_DESING,AstBuilderListener,exitFalseLit,,3
Potential violation of Law of Demeter (static property access),639,639,66,88,LawOfDemeter,Design,OBJECT_ORIENTED_DESING,AstBuilderListener,exitFalseLit,,3
Parameter 'ctx' is not assigned and could be declared final,645,645,34,52,MethodArgumentCouldBeFinal,Code Style,BEST_PRACTICE,AstBuilderListener,exitRealType,ctx,3
Potential violation of Law of Demeter (static property access),648,648,65,89,LawOfDemeter,Design,OBJECT_ORIENTED_DESING,AstBuilderListener,exitRealType,,3
Potential violation of Law of Demeter (static property access),649,649,63,85,LawOfDemeter,Design,OBJECT_ORIENTED_DESING,AstBuilderListener,exitRealType,,3
Parameter 'ctx' is not assigned and could be declared final,655,655,33,50,MethodArgumentCouldBeFinal,Code Style,BEST_PRACTICE,AstBuilderListener,exitTrueLit,ctx,3
Potential violation of Law of Demeter (static property access),658,658,68,92,LawOfDemeter,Design,OBJECT_ORIENTED_DESING,AstBuilderListener,exitTrueLit,,3
Potential violation of Law of Demeter (static property access),659,659,66,88,LawOfDemeter,Design,OBJECT_ORIENTED_DESING,AstBuilderListener,exitTrueLit,,3
Parameter 'ctx' is not assigned and could be declared final,665,665,33,50,MethodArgumentCouldBeFinal,Code Style,BEST_PRACTICE,AstBuilderListener,exitSeqType,ctx,3
Avoid excessively long variable names like collectionTypeLiteral,667,667,45,65,LongVariable,Code Style,NAMING_CONVENTIONS,AstBuilderListener,exitSeqType,collectionTypeLiteral,3
Potential violation of Law of Demeter (static property access),670,670,75,99,LawOfDemeter,Design,OBJECT_ORIENTED_DESING,AstBuilderListener,exitSeqType,,3
Potential violation of Law of Demeter (static property access),671,671,73,95,LawOfDemeter,Design,OBJECT_ORIENTED_DESING,AstBuilderListener,exitSeqType,,3
Parameter 'ctx' is not assigned and could be declared final,677,677,33,50,MethodArgumentCouldBeFinal,Code Style,BEST_PRACTICE,AstBuilderListener,exitSetType,ctx,3
Avoid excessively long variable names like collectionTypeLiteral,679,679,45,65,LongVariable,Code Style,NAMING_CONVENTIONS,AstBuilderListener,exitSetType,collectionTypeLiteral,3
Potential violation of Law of Demeter (static property access),682,682,75,99,LawOfDemeter,Design,OBJECT_ORIENTED_DESING,AstBuilderListener,exitSetType,,3
Potential violation of Law of Demeter (static property access),683,683,73,95,LawOfDemeter,Design,OBJECT_ORIENTED_DESING,AstBuilderListener,exitSetType,,3
Parameter 'ctx' is not assigned and could be declared final,689,689,29,42,MethodArgumentCouldBeFinal,Code Style,BEST_PRACTICE,AstBuilderListener,exitNot,ctx,3
Potential violation of Law of Demeter (static property access),692,692,65,89,LawOfDemeter,Design,OBJECT_ORIENTED_DESING,AstBuilderListener,exitNot,,3
Potential violation of Law of Demeter (static property access),693,693,63,85,LawOfDemeter,Design,OBJECT_ORIENTED_DESING,AstBuilderListener,exitNot,,3
Parameter 'ctx' is not assigned and could be declared final,699,699,35,54,MethodArgumentCouldBeFinal,Code Style,BEST_PRACTICE,AstBuilderListener,exitStringLit,ctx,3
Potential violation of Law of Demeter (object not created locally),701,701,75,110,LawOfDemeter,Design,OBJECT_ORIENTED_DESING,AstBuilderListener,exitStringLit,,3
Potential violation of Law of Demeter (object not created locally),701,701,93,105,LawOfDemeter,Design,OBJECT_ORIENTED_DESING,AstBuilderListener,exitStringLit,,3
Potential violation of Law of Demeter (static property access),703,703,67,91,LawOfDemeter,Design,OBJECT_ORIENTED_DESING,AstBuilderListener,exitStringLit,,3
Potential violation of Law of Demeter (static property access),704,704,65,87,LawOfDemeter,Design,OBJECT_ORIENTED_DESING,AstBuilderListener,exitStringLit,,3
Parameter 'ctx' is not assigned and could be declared final,710,710,33,50,MethodArgumentCouldBeFinal,Code Style,BEST_PRACTICE,AstBuilderListener,exitRealLit,ctx,3
Potential violation of Law of Demeter (static property access),713,713,65,89,LawOfDemeter,Design,OBJECT_ORIENTED_DESING,AstBuilderListener,exitRealLit,,3
Potential violation of Law of Demeter (static property access),714,714,63,85,LawOfDemeter,Design,OBJECT_ORIENTED_DESING,AstBuilderListener,exitRealLit,,3
Parameter 'ctx' is not assigned and could be declared final,720,720,33,50,MethodArgumentCouldBeFinal,Code Style,BEST_PRACTICE,AstBuilderListener,exitStrType,ctx,3
Unnecessary use of fully qualified name 'java.lang.String' due to existing implicit import 'java.lang.*',721,721,69,84,UnnecessaryFullyQualifiedName,Code Style,BEST_PRACTICE,AstBuilderListener,exitStrType,,4
Potential violation of Law of Demeter (static property access),723,723,65,89,LawOfDemeter,Design,OBJECT_ORIENTED_DESING,AstBuilderListener,exitStrType,,3
Potential violation of Law of Demeter (static property access),724,724,63,85,LawOfDemeter,Design,OBJECT_ORIENTED_DESING,AstBuilderListener,exitStrType,,3
Parameter 'ctx' is not assigned and could be declared final,730,730,28,40,MethodArgumentCouldBeFinal,Code Style,BEST_PRACTICE,AstBuilderListener,exitOr,ctx,3
Parameter 'ctx' is not assigned and could be declared final,735,735,29,42,MethodArgumentCouldBeFinal,Code Style,BEST_PRACTICE,AstBuilderListener,exitXor,ctx,3
Parameter 'ctx' is not assigned and could be declared final,740,740,33,50,MethodArgumentCouldBeFinal,Code Style,BEST_PRACTICE,AstBuilderListener,exitImplies,ctx,3
Parameter 'ctx' is not assigned and could be declared final,745,745,37,58,MethodArgumentCouldBeFinal,Code Style,BEST_PRACTICE,AstBuilderListener,exitBooleanType,ctx,3
Unnecessary use of fully qualified name 'java.lang.Boolean' due to existing implicit import 'java.lang.*',746,746,69,85,UnnecessaryFullyQualifiedName,Code Style,BEST_PRACTICE,AstBuilderListener,exitBooleanType,,4
Potential violation of Law of Demeter (static property access),748,748,65,89,LawOfDemeter,Design,OBJECT_ORIENTED_DESING,AstBuilderListener,exitBooleanType,,3
Potential violation of Law of Demeter (static property access),749,749,63,85,LawOfDemeter,Design,OBJECT_ORIENTED_DESING,AstBuilderListener,exitBooleanType,,3
Parameter 'ctx' is not assigned and could be declared final,755,755,36,56,MethodArgumentCouldBeFinal,Code Style,BEST_PRACTICE,AstBuilderListener,exitIntegerLit,ctx,3
Potential violation of Law of Demeter (static property access),758,758,68,92,LawOfDemeter,Design,OBJECT_ORIENTED_DESING,AstBuilderListener,exitIntegerLit,,3
Potential violation of Law of Demeter (static property access),759,759,66,88,LawOfDemeter,Design,OBJECT_ORIENTED_DESING,AstBuilderListener,exitIntegerLit,,3
Parameter 'ctx' is not assigned and could be declared final,765,765,29,42,MethodArgumentCouldBeFinal,Code Style,BEST_PRACTICE,AstBuilderListener,exitAnd,ctx,3
Parameter 'ctx' is not assigned and could be declared final,770,770,32,48,MethodArgumentCouldBeFinal,Code Style,BEST_PRACTICE,AstBuilderListener,exitVarRef,ctx,3
Potential violation of Law of Demeter (static property access),773,773,60,84,LawOfDemeter,Design,OBJECT_ORIENTED_DESING,AstBuilderListener,exitVarRef,,3
Potential violation of Law of Demeter (static property access),774,774,58,80,LawOfDemeter,Design,OBJECT_ORIENTED_DESING,AstBuilderListener,exitVarRef,,3
Parameter 'ctx' is not assigned and could be declared final,780,780,33,50,MethodArgumentCouldBeFinal,Code Style,BEST_PRACTICE,AstBuilderListener,exitFeature,ctx,3
Potential violation of Law of Demeter (method chain calls),782,782,53,110,LawOfDemeter,Design,OBJECT_ORIENTED_DESING,AstBuilderListener,exitFeature,,3
Potential violation of Law of Demeter (method chain calls),782,782,85,109,LawOfDemeter,Design,OBJECT_ORIENTED_DESING,AstBuilderListener,exitFeature,,3
Potential violation of Law of Demeter (static property access),785,785,65,87,LawOfDemeter,Design,OBJECT_ORIENTED_DESING,AstBuilderListener,exitFeature,,3
Avoid unused method parameters such as 'ctx'.,798,798,67,69,UnusedFormalParameter,Best Practices,REFACTORINGS_REDUNDANCIES,AstBuilderListener,pushBinary,ctx,3
Parameter 'ctx' is not assigned and could be declared final,798,798,49,69,MethodArgumentCouldBeFinal,Code Style,BEST_PRACTICE,AstBuilderListener,pushBinary,ctx,3
Parameter 'service' is not assigned and could be declared final,798,798,33,46,MethodArgumentCouldBeFinal,Code Style,BEST_PRACTICE,AstBuilderListener,pushBinary,service,3
Local variable 'op2' could be declared final,799,799,17,38,LocalVariableCouldBeFinal,Code Style,BEST_PRACTICE,AstBuilderListener,pushBinary,op2,3
Local variable 'op1' could be declared final,800,800,17,38,LocalVariableCouldBeFinal,Code Style,BEST_PRACTICE,AstBuilderListener,pushBinary,op1,3
Comment is too large: Line too long,808,808,1,3,CommentSize,Documentation,METRIC,AstBuilderListener,,,3
Parameter 'ctx' is not assigned and could be declared final,814,814,37,58,MethodArgumentCouldBeFinal,Code Style,BEST_PRACTICE,AstBuilderListener,exitServiceCall,ctx,3
Local variable 'childCount' could be declared final,815,815,17,64,LocalVariableCouldBeFinal,Code Style,BEST_PRACTICE,AstBuilderListener,exitServiceCall,childCount,3
Potential violation of Law of Demeter (method chain calls),815,815,34,64,LawOfDemeter,Design,OBJECT_ORIENTED_DESING,AstBuilderListener,exitServiceCall,,3
Local variable 'argc' could be declared final,817,817,17,73,LocalVariableCouldBeFinal,Code Style,BEST_PRACTICE,AstBuilderListener,exitServiceCall,argc,3
Found 'DD'-anomaly for variable 'args' (lines '819'-'821').,819,821,25,39,DataflowAnomalyAnalysis,Error Prone,RESOURCE,AstBuilderListener,exitServiceCall,args,5
Found 'DD'-anomaly for variable 'args' (lines '819'-'824').,819,824,17,31,DataflowAnomalyAnalysis,Error Prone,RESOURCE,AstBuilderListener,exitServiceCall,args,5
Found 'DD'-anomaly for variable 'args' (lines '821'-'821').,821,821,25,39,DataflowAnomalyAnalysis,Error Prone,RESOURCE,AstBuilderListener,exitServiceCall,args,5
Found 'DD'-anomaly for variable 'args' (lines '821'-'824').,821,824,17,31,DataflowAnomalyAnalysis,Error Prone,RESOURCE,AstBuilderListener,exitServiceCall,args,5
Local variable 'serviceName' could be declared final,823,823,17,81,LocalVariableCouldBeFinal,Code Style,BEST_PRACTICE,AstBuilderListener,exitServiceCall,serviceName,3
Potential violation of Law of Demeter (method chain calls),823,823,38,81,LawOfDemeter,Design,OBJECT_ORIENTED_DESING,AstBuilderListener,exitServiceCall,,3
Potential violation of Law of Demeter (method chain calls),823,823,38,81,LawOfDemeter,Design,OBJECT_ORIENTED_DESING,AstBuilderListener,exitServiceCall,,3
Parameter 'ctx' is not assigned and could be declared final,830,830,29,42,MethodArgumentCouldBeFinal,Code Style,BEST_PRACTICE,AstBuilderListener,exitMin,ctx,3
Potential violation of Law of Demeter (static property access),833,833,65,89,LawOfDemeter,Design,OBJECT_ORIENTED_DESING,AstBuilderListener,exitMin,,3
Potential violation of Law of Demeter (static property access),834,834,63,85,LawOfDemeter,Design,OBJECT_ORIENTED_DESING,AstBuilderListener,exitMin,,3
Parameter 'ctx' is not assigned and could be declared final,840,840,29,42,MethodArgumentCouldBeFinal,Code Style,BEST_PRACTICE,AstBuilderListener,exitAdd,ctx,3
Avoid variables with short names like op,841,841,30,31,ShortVariable,Code Style,NAMING_CONVENTIONS,AstBuilderListener,exitAdd,op,3
Potential violation of Law of Demeter (method chain calls),841,841,35,59,LawOfDemeter,Design,OBJECT_ORIENTED_DESING,AstBuilderListener,exitAdd,,3
Parameter 'ctx' is not assigned and could be declared final,853,853,30,44,MethodArgumentCouldBeFinal,Code Style,BEST_PRACTICE,AstBuilderListener,exitMult,ctx,3
Avoid variables with short names like op,854,854,30,31,ShortVariable,Code Style,NAMING_CONVENTIONS,AstBuilderListener,exitMult,op,3
Potential violation of Law of Demeter (method chain calls),854,854,35,59,LawOfDemeter,Design,OBJECT_ORIENTED_DESING,AstBuilderListener,exitMult,,3
Parameter 'ctx' is not assigned and could be declared final,866,866,30,44,MethodArgumentCouldBeFinal,Code Style,BEST_PRACTICE,AstBuilderListener,exitComp,ctx,3
Avoid variables with short names like op,867,867,30,31,ShortVariable,Code Style,NAMING_CONVENTIONS,AstBuilderListener,exitComp,op,3
Potential violation of Law of Demeter (method chain calls),867,867,35,59,LawOfDemeter,Design,OBJECT_ORIENTED_DESING,AstBuilderListener,exitComp,,3
Parameter 'ctx' is not assigned and could be declared final,893,893,45,70,MethodArgumentCouldBeFinal,Code Style,BEST_PRACTICE,AstBuilderListener,createModelType,ctx,3
"Avoid using final local variables, turn them into fields",894,894,17,40,AvoidFinalLocalVariable,Code Style,BEST_PRACTICE,AstBuilderListener,createModelType,result,3
Found 'DD'-anomaly for variable 'nsPrefix' (lines '897'-'901').,897,901,25,72,DataflowAnomalyAnalysis,Error Prone,RESOURCE,AstBuilderListener,createModelType,nsPrefix,5
Found 'DU'-anomaly for variable 'nsPrefix' (lines '897'-'925').,897,925,24,38,DataflowAnomalyAnalysis,Error Prone,RESOURCE,AstBuilderListener,createModelType,nsPrefix,5
Found 'DD'-anomaly for variable 'name' (lines '898'-'902').,898,902,25,68,DataflowAnomalyAnalysis,Error Prone,RESOURCE,AstBuilderListener,createModelType,name,5
Found 'DD'-anomaly for variable 'name' (lines '898'-'905').,898,905,25,68,DataflowAnomalyAnalysis,Error Prone,RESOURCE,AstBuilderListener,createModelType,name,5
Potential violation of Law of Demeter (method chain calls),899,899,21,51,LawOfDemeter,Design,OBJECT_ORIENTED_DESING,AstBuilderListener,createModelType,,3
Potential violation of Law of Demeter (method chain calls),901,901,36,72,LawOfDemeter,Design,OBJECT_ORIENTED_DESING,AstBuilderListener,createModelType,,3
Potential violation of Law of Demeter (method chain calls),901,901,36,72,LawOfDemeter,Design,OBJECT_ORIENTED_DESING,AstBuilderListener,createModelType,,3
Potential violation of Law of Demeter (method chain calls),902,902,32,68,LawOfDemeter,Design,OBJECT_ORIENTED_DESING,AstBuilderListener,createModelType,,3
Potential violation of Law of Demeter (method chain calls),902,902,32,68,LawOfDemeter,Design,OBJECT_ORIENTED_DESING,AstBuilderListener,createModelType,,3
Potential violation of Law of Demeter (method chain calls),903,903,32,88,LawOfDemeter,Design,OBJECT_ORIENTED_DESING,AstBuilderListener,createModelType,,3
Potential violation of Law of Demeter (method chain calls),905,905,32,68,LawOfDemeter,Design,OBJECT_ORIENTED_DESING,AstBuilderListener,createModelType,,3
Potential violation of Law of Demeter (method chain calls),905,905,32,68,LawOfDemeter,Design,OBJECT_ORIENTED_DESING,AstBuilderListener,createModelType,,3
Potential violation of Law of Demeter (method chain calls),906,906,32,78,LawOfDemeter,Design,OBJECT_ORIENTED_DESING,AstBuilderListener,createModelType,,3
Local variable 'segments' could be declared final,909,909,25,72,LocalVariableCouldBeFinal,Code Style,BEST_PRACTICE,AstBuilderListener,createModelType,segments,3
This call to Collection.toArray() may be optimizable,916,916,59,103,OptimizableToArrayCall,Performance,BEST_PRACTICE,AstBuilderListener,createModelType,,3
Potential violation of Law of Demeter (static property access),921,921,60,84,LawOfDemeter,Design,OBJECT_ORIENTED_DESING,AstBuilderListener,createModelType,,3
Potential violation of Law of Demeter (static property access),922,922,58,80,LawOfDemeter,Design,OBJECT_ORIENTED_DESING,AstBuilderListener,createModelType,,3
Comment is too large: Line too long,928,928,1,3,CommentSize,Documentation,METRIC,AstBuilderListener,,,3
Parameter 'ctx' is not assigned and could be declared final,935,935,62,82,MethodArgumentCouldBeFinal,Code Style,BEST_PRACTICE,AstBuilderListener,callFilteredService,ctx,3
Parameter 'serviceName' is not assigned and could be declared final,935,935,42,59,MethodArgumentCouldBeFinal,Code Style,BEST_PRACTICE,AstBuilderListener,callFilteredService,serviceName,3
Avoid using Literals in Conditional Statements,937,937,52,52,AvoidLiteralsInIfCondition,Error Prone,BEST_PRACTICE,AstBuilderListener,callFilteredService,,3
"Avoid using final local variables, turn them into fields",940,940,33,53,AvoidFinalLocalVariable,Code Style,BEST_PRACTICE,AstBuilderListener,callFilteredService,type,3
Local variable 'receiver' could be declared final,946,946,33,59,LocalVariableCouldBeFinal,Code Style,BEST_PRACTICE,AstBuilderListener,callFilteredService,receiver,3
Local variable 'receiver' could be declared final,950,950,33,59,LocalVariableCouldBeFinal,Code Style,BEST_PRACTICE,AstBuilderListener,callFilteredService,receiver,3
Local variable 'type' could be declared final,955,955,25,59,LocalVariableCouldBeFinal,Code Style,BEST_PRACTICE,AstBuilderListener,callFilteredService,type,3
Local variable 'receiver' could be declared final,956,956,25,51,LocalVariableCouldBeFinal,Code Style,BEST_PRACTICE,AstBuilderListener,callFilteredService,receiver,3
Comment is too large: Line too long,965,965,1,3,CommentSize,Documentation,METRIC,AstBuilderListener,,,3
Parameter 'ctx' is not assigned and could be declared final,968,968,34,52,MethodArgumentCouldBeFinal,Code Style,BEST_PRACTICE,AstBuilderListener,exitEContent,ctx,3
Comment is too large: Line too long,975,975,1,3,CommentSize,Documentation,METRIC,AstBuilderListener,,,3
Parameter 'ctx' is not assigned and could be declared final,978,978,35,54,MethodArgumentCouldBeFinal,Code Style,BEST_PRACTICE,AstBuilderListener,exitEAContent,ctx,3
Comment is too large: Line too long,985,985,1,3,CommentSize,Documentation,METRIC,AstBuilderListener,,,3
Parameter 'ctx' is not assigned and could be declared final,988,988,36,56,MethodArgumentCouldBeFinal,Code Style,BEST_PRACTICE,AstBuilderListener,exitEContainer,ctx,3
Comment is too large: Line too long,995,995,1,3,CommentSize,Documentation,METRIC,AstBuilderListener,,,3
Parameter 'ctx' is not assigned and could be declared final,998,998,34,52,MethodArgumentCouldBeFinal,Code Style,BEST_PRACTICE,AstBuilderListener,exitEInverse,ctx,3
Parameter 'ctx' is not assigned and could be declared final,1003,1003,32,48,MethodArgumentCouldBeFinal,Code Style,BEST_PRACTICE,AstBuilderListener,exitFilter,ctx,3
Comment is too large: Line too long,1010,1010,1,3,CommentSize,Documentation,METRIC,AstBuilderListener,,,3
Parameter 'ctx' is not assigned and could be declared final,1013,1013,28,40,MethodArgumentCouldBeFinal,Code Style,BEST_PRACTICE,AstBuilderListener,exitAs,ctx,3
Comment is too large: Line too long,1020,1020,1,3,CommentSize,Documentation,METRIC,AstBuilderListener,,,3
Parameter 'ctx' is not assigned and could be declared final,1023,1023,32,48,MethodArgumentCouldBeFinal,Code Style,BEST_PRACTICE,AstBuilderListener,exitAsType,ctx,3
Parameter 'ctx' is not assigned and could be declared final,1028,1028,37,58,MethodArgumentCouldBeFinal,Code Style,BEST_PRACTICE,AstBuilderListener,exitCallService,ctx,3
Potential violation of Law of Demeter (method chain calls),1033,1033,25,84,LawOfDemeter,Design,OBJECT_ORIENTED_DESING,AstBuilderListener,exitCallService,,3
Potential violation of Law of Demeter (method chain calls),1033,1033,57,83,LawOfDemeter,Design,OBJECT_ORIENTED_DESING,AstBuilderListener,exitCallService,,3
Potential violation of Law of Demeter (static property access),1034,1034,71,93,LawOfDemeter,Design,OBJECT_ORIENTED_DESING,AstBuilderListener,exitCallService,,3
Parameter 'ctx' is not assigned and could be declared final,1040,1040,31,46,MethodArgumentCouldBeFinal,Code Style,BEST_PRACTICE,AstBuilderListener,exitApply,ctx,3
Potential violation of Law of Demeter (method chain calls),1044,1044,17,76,LawOfDemeter,Design,OBJECT_ORIENTED_DESING,AstBuilderListener,exitApply,,3
Potential violation of Law of Demeter (method chain calls),1044,1044,49,75,LawOfDemeter,Design,OBJECT_ORIENTED_DESING,AstBuilderListener,exitApply,,3
Potential violation of Law of Demeter (static property access),1045,1045,63,85,LawOfDemeter,Design,OBJECT_ORIENTED_DESING,AstBuilderListener,exitApply,,3
Parameter 'ctx' is not assigned and could be declared final,1050,1050,32,48,MethodArgumentCouldBeFinal,Code Style,BEST_PRACTICE,AstBuilderListener,exitIsType,ctx,3
Parameter 'ctx' is not assigned and could be declared final,1055,1055,32,48,MethodArgumentCouldBeFinal,Code Style,BEST_PRACTICE,AstBuilderListener,exitIsKind,ctx,3
Comment is too large: Line too long,1062,1062,1,3,CommentSize,Documentation,METRIC,AstBuilderListener,,,3
Parameter 'ctx' is not assigned and could be declared final,1065,1065,44,72,MethodArgumentCouldBeFinal,Code Style,BEST_PRACTICE,AstBuilderListener,exitVariableDefinition,ctx,3
Avoid excessively long variable names like variableDeclaration,1069,1069,51,69,LongVariable,Code Style,NAMING_CONVENTIONS,AstBuilderListener,exitVariableDefinition,variableDeclaration,3
"Avoid using final local variables, turn them into fields",1069,1069,25,69,AvoidFinalLocalVariable,Code Style,BEST_PRACTICE,AstBuilderListener,exitVariableDefinition,variableDeclaration,3
Avoid excessively long variable names like variableExpression,1071,1071,42,59,LongVariable,Code Style,NAMING_CONVENTIONS,AstBuilderListener,exitVariableDefinition,variableExpression,3
Avoid using Literals in Conditional Statements,1072,1072,52,52,AvoidLiteralsInIfCondition,Error Prone,BEST_PRACTICE,AstBuilderListener,exitVariableDefinition,,3
Potential violation of Law of Demeter (method chain calls),1073,1074,55,125,LawOfDemeter,Design,OBJECT_ORIENTED_DESING,AstBuilderListener,exitVariableDefinition,,3
Potential violation of Law of Demeter (method chain calls),1073,1073,83,107,LawOfDemeter,Design,OBJECT_ORIENTED_DESING,AstBuilderListener,exitVariableDefinition,,3
Potential violation of Law of Demeter (method chain calls),1075,1076,33,119,LawOfDemeter,Design,OBJECT_ORIENTED_DESING,AstBuilderListener,exitVariableDefinition,,3
Potential violation of Law of Demeter (method chain calls),1075,1076,33,119,LawOfDemeter,Design,OBJECT_ORIENTED_DESING,AstBuilderListener,exitVariableDefinition,,3
Potential violation of Law of Demeter (method chain calls),1075,1076,71,118,LawOfDemeter,Design,OBJECT_ORIENTED_DESING,AstBuilderListener,exitVariableDefinition,,3
Potential violation of Law of Demeter (method chain calls),1075,1076,71,118,LawOfDemeter,Design,OBJECT_ORIENTED_DESING,AstBuilderListener,exitVariableDefinition,,3
Potential violation of Law of Demeter (method chain calls),1078,1079,55,67,LawOfDemeter,Design,OBJECT_ORIENTED_DESING,AstBuilderListener,exitVariableDefinition,,3
Potential violation of Law of Demeter (method chain calls),1078,1078,83,107,LawOfDemeter,Design,OBJECT_ORIENTED_DESING,AstBuilderListener,exitVariableDefinition,,3
Potential violation of Law of Demeter (method chain calls),1080,1081,33,81,LawOfDemeter,Design,OBJECT_ORIENTED_DESING,AstBuilderListener,exitVariableDefinition,,3
Potential violation of Law of Demeter (method chain calls),1080,1081,33,81,LawOfDemeter,Design,OBJECT_ORIENTED_DESING,AstBuilderListener,exitVariableDefinition,,3
Potential violation of Law of Demeter (method chain calls),1080,1081,71,80,LawOfDemeter,Design,OBJECT_ORIENTED_DESING,AstBuilderListener,exitVariableDefinition,,3
Potential violation of Law of Demeter (method chain calls),1080,1081,71,80,LawOfDemeter,Design,OBJECT_ORIENTED_DESING,AstBuilderListener,exitVariableDefinition,,3
Potential violation of Law of Demeter (static property access),1083,1083,81,105,LawOfDemeter,Design,OBJECT_ORIENTED_DESING,AstBuilderListener,exitVariableDefinition,,3
Comment is too large: Line too long,1092,1092,1,3,CommentSize,Documentation,METRIC,AstBuilderListener,,,3
Parameter 'ctx' is not assigned and could be declared final,1095,1095,39,62,MethodArgumentCouldBeFinal,Code Style,BEST_PRACTICE,AstBuilderListener,exitIterationCall,ctx,3
Potential violation of Law of Demeter (method chain calls),1097,1097,44,68,LawOfDemeter,Design,OBJECT_ORIENTED_DESING,AstBuilderListener,exitIterationCall,,3
"Avoid using final local variables, turn them into fields",1099,1099,17,50,AvoidFinalLocalVariable,Code Style,BEST_PRACTICE,AstBuilderListener,exitIterationCall,iterator,3
Potential violation of Law of Demeter (object not created locally),1106,1106,40,63,LawOfDemeter,Design,OBJECT_ORIENTED_DESING,AstBuilderListener,exitIterationCall,,3
Comment is too large: Line too long,1112,1112,1,3,CommentSize,Documentation,METRIC,AstBuilderListener,,,3
Parameter 'ctx' is not assigned and could be declared final,1115,1115,45,74,MethodArgumentCouldBeFinal,Code Style,BEST_PRACTICE,AstBuilderListener,exitEnumOrClassifierLit,ctx,3
"Avoid using final local variables, turn them into fields",1117,1117,25,44,AvoidFinalLocalVariable,Code Style,BEST_PRACTICE,AstBuilderListener,exitEnumOrClassifierLit,toPush,3
Local variable 'literalName' could be declared final,1119,1119,25,70,LocalVariableCouldBeFinal,Code Style,BEST_PRACTICE,AstBuilderListener,exitEnumOrClassifierLit,literalName,3
Potential violation of Law of Demeter (method chain calls),1119,1119,46,70,LawOfDemeter,Design,OBJECT_ORIENTED_DESING,AstBuilderListener,exitEnumOrClassifierLit,,3
Avoid using Literals in Conditional Statements,1120,1120,64,64,AvoidLiteralsInIfCondition,Error Prone,BEST_PRACTICE,AstBuilderListener,exitEnumOrClassifierLit,,3
Potential violation of Law of Demeter (method chain calls),1120,1120,29,59,LawOfDemeter,Design,OBJECT_ORIENTED_DESING,AstBuilderListener,exitEnumOrClassifierLit,,3
Comment is too large: Too many lines,1130,1141,1,3,CommentSize,Documentation,METRIC,AstBuilderListener,,,3
Comment is too large: Line too long,1131,1131,1,3,CommentSize,Documentation,METRIC,AstBuilderListener,,,3
Comment is too large: Line too long,1132,1132,1,3,CommentSize,Documentation,METRIC,AstBuilderListener,,,3
Comment is too large: Line too long,1137,1137,1,3,CommentSize,Documentation,METRIC,AstBuilderListener,,,3
Comment is too large: Line too long,1138,1138,1,3,CommentSize,Documentation,METRIC,AstBuilderListener,,,3
Comment is too large: Line too long,1139,1139,1,3,CommentSize,Documentation,METRIC,AstBuilderListener,,,3
Parameter 'ctx' is not assigned and could be declared final,1142,1142,59,88,MethodArgumentCouldBeFinal,Code Style,BEST_PRACTICE,AstBuilderListener,twoSegmentEnumOrClassifierLiteral,ctx,3
Parameter 'literalName' is not assigned and could be declared final,1142,1142,91,108,MethodArgumentCouldBeFinal,Code Style,BEST_PRACTICE,AstBuilderListener,twoSegmentEnumOrClassifierLiteral,literalName,3
"Avoid using final local variables, turn them into fields",1143,1143,17,36,AvoidFinalLocalVariable,Code Style,BEST_PRACTICE,AstBuilderListener,twoSegmentEnumOrClassifierLiteral,toPush,3
Potential violation of Law of Demeter (method chain calls),1145,1145,41,77,LawOfDemeter,Design,OBJECT_ORIENTED_DESING,AstBuilderListener,twoSegmentEnumOrClassifierLiteral,,3
Potential violation of Law of Demeter (method chain calls),1145,1145,41,77,LawOfDemeter,Design,OBJECT_ORIENTED_DESING,AstBuilderListener,twoSegmentEnumOrClassifierLiteral,,3
Potential violation of Law of Demeter (method chain calls),1146,1146,46,116,LawOfDemeter,Design,OBJECT_ORIENTED_DESING,AstBuilderListener,twoSegmentEnumOrClassifierLiteral,,3
Avoid if (x != y) ..; else ..;,1147,1156,17,17,ConfusingTernary,Code Style,BEST_PRACTICE,AstBuilderListener,twoSegmentEnumOrClassifierLiteral,,3
Potential violation of Law of Demeter (method chain calls),1150,1150,56,119,LawOfDemeter,Design,OBJECT_ORIENTED_DESING,AstBuilderListener,twoSegmentEnumOrClassifierLiteral,,3
Avoid if (x != y) ..; else ..;,1151,1155,25,25,ConfusingTernary,Code Style,BEST_PRACTICE,AstBuilderListener,twoSegmentEnumOrClassifierLiteral,,3
Potential violation of Law of Demeter (static property access),1157,1157,60,84,LawOfDemeter,Design,OBJECT_ORIENTED_DESING,AstBuilderListener,twoSegmentEnumOrClassifierLiteral,,3
Potential violation of Law of Demeter (static property access),1158,1158,58,80,LawOfDemeter,Design,OBJECT_ORIENTED_DESING,AstBuilderListener,twoSegmentEnumOrClassifierLiteral,,3
Comment is too large: Too many lines,1163,1173,1,3,CommentSize,Documentation,METRIC,AstBuilderListener,,,3
Comment is too large: Line too long,1164,1164,1,3,CommentSize,Documentation,METRIC,AstBuilderListener,,,3
Comment is too large: Line too long,1171,1171,1,3,CommentSize,Documentation,METRIC,AstBuilderListener,,,3
Parameter 'ctx' is not assigned and could be declared final,1174,1174,49,78,MethodArgumentCouldBeFinal,Code Style,BEST_PRACTICE,AstBuilderListener,threeSegmentEnumLiteral,ctx,3
Parameter 'literalName' is not assigned and could be declared final,1174,1174,81,98,MethodArgumentCouldBeFinal,Code Style,BEST_PRACTICE,AstBuilderListener,threeSegmentEnumLiteral,literalName,3
"Avoid using final local variables, turn them into fields",1175,1175,17,36,AvoidFinalLocalVariable,Code Style,BEST_PRACTICE,AstBuilderListener,threeSegmentEnumLiteral,toPush,3
Potential violation of Law of Demeter (method chain calls),1177,1177,41,77,LawOfDemeter,Design,OBJECT_ORIENTED_DESING,AstBuilderListener,threeSegmentEnumLiteral,,3
Potential violation of Law of Demeter (method chain calls),1177,1177,41,77,LawOfDemeter,Design,OBJECT_ORIENTED_DESING,AstBuilderListener,threeSegmentEnumLiteral,,3
Potential violation of Law of Demeter (method chain calls),1178,1178,41,77,LawOfDemeter,Design,OBJECT_ORIENTED_DESING,AstBuilderListener,threeSegmentEnumLiteral,,3
Potential violation of Law of Demeter (method chain calls),1178,1178,41,77,LawOfDemeter,Design,OBJECT_ORIENTED_DESING,AstBuilderListener,threeSegmentEnumLiteral,,3
Potential violation of Law of Demeter (method chain calls),1179,1180,46,44,LawOfDemeter,Design,OBJECT_ORIENTED_DESING,AstBuilderListener,threeSegmentEnumLiteral,,3
Avoid if (x != y) ..; else ..;,1181,1185,17,17,ConfusingTernary,Code Style,BEST_PRACTICE,AstBuilderListener,threeSegmentEnumLiteral,,3
Potential violation of Law of Demeter (static property access),1186,1186,60,84,LawOfDemeter,Design,OBJECT_ORIENTED_DESING,AstBuilderListener,threeSegmentEnumLiteral,,3
Potential violation of Law of Demeter (static property access),1187,1187,58,80,LawOfDemeter,Design,OBJECT_ORIENTED_DESING,AstBuilderListener,threeSegmentEnumLiteral,,3
Comment is too large: Line too long,1204,1204,1,3,CommentSize,Documentation,METRIC,AstBuilderListener,,,3
Parameter 'ctx' is not assigned and could be declared final,1207,1207,33,50,MethodArgumentCouldBeFinal,Code Style,BEST_PRACTICE,AstBuilderListener,exitNullLit,ctx,3
Potential violation of Law of Demeter (static property access),1210,1210,65,89,LawOfDemeter,Design,OBJECT_ORIENTED_DESING,AstBuilderListener,exitNullLit,,3
Potential violation of Law of Demeter (static property access),1211,1211,63,85,LawOfDemeter,Design,OBJECT_ORIENTED_DESING,AstBuilderListener,exitNullLit,,3
Comment is too large: Line too long,1219,1219,1,3,CommentSize,Documentation,METRIC,AstBuilderListener,,,3
Parameter 'ctx' is not assigned and could be declared final,1222,1222,32,48,MethodArgumentCouldBeFinal,Code Style,BEST_PRACTICE,AstBuilderListener,exitSetLit,ctx,3
Potential violation of Law of Demeter (static property access),1225,1225,68,92,LawOfDemeter,Design,OBJECT_ORIENTED_DESING,AstBuilderListener,exitSetLit,,3
Potential violation of Law of Demeter (static property access),1226,1226,66,88,LawOfDemeter,Design,OBJECT_ORIENTED_DESING,AstBuilderListener,exitSetLit,,3
Comment is too large: Line too long,1234,1234,1,3,CommentSize,Documentation,METRIC,AstBuilderListener,,,3
Parameter 'ctx' is not assigned and could be declared final,1237,1237,40,64,MethodArgumentCouldBeFinal,Code Style,BEST_PRACTICE,AstBuilderListener,exitExplicitSetLit,ctx,3
Potential violation of Law of Demeter (static property access),1240,1240,68,92,LawOfDemeter,Design,OBJECT_ORIENTED_DESING,AstBuilderListener,exitExplicitSetLit,,3
Potential violation of Law of Demeter (static property access),1241,1241,66,88,LawOfDemeter,Design,OBJECT_ORIENTED_DESING,AstBuilderListener,exitExplicitSetLit,,3
Comment is too large: Too many lines,1246,1257,1,3,CommentSize,Documentation,METRIC,AstBuilderListener,,,3
Comment is too large: Line too long,1247,1247,1,3,CommentSize,Documentation,METRIC,AstBuilderListener,,,3
Comment is too large: Line too long,1248,1248,1,3,CommentSize,Documentation,METRIC,AstBuilderListener,,,3
Comment is too large: Line too long,1252,1252,1,3,CommentSize,Documentation,METRIC,AstBuilderListener,,,3
Comment is too large: Line too long,1254,1254,1,3,CommentSize,Documentation,METRIC,AstBuilderListener,,,3
Comment is too large: Line too long,1255,1255,1,3,CommentSize,Documentation,METRIC,AstBuilderListener,,,3
Parameter 'ctx' is not assigned and could be declared final,1258,1258,49,66,MethodArgumentCouldBeFinal,Code Style,BEST_PRACTICE,AstBuilderListener,getExpressions,ctx,3
Potential violation of Law of Demeter (method chain calls),1259,1259,44,74,LawOfDemeter,Design,OBJECT_ORIENTED_DESING,AstBuilderListener,getExpressions,,3
"Found 'DD'-anomaly for variable 'expressions' (lines '1,260'-'1,263').",1260,1263,25,46,DataflowAnomalyAnalysis,Error Prone,RESOURCE,AstBuilderListener,getExpressions,expressions,5
"Found 'DD'-anomaly for variable 'expressions' (lines '1,263'-'1,263').",1263,1263,25,46,DataflowAnomalyAnalysis,Error Prone,RESOURCE,AstBuilderListener,getExpressions,expressions,5
Comment is too large: Line too long,1272,1272,1,3,CommentSize,Documentation,METRIC,AstBuilderListener,,,3
Parameter 'ctx' is not assigned and could be declared final,1275,1275,32,48,MethodArgumentCouldBeFinal,Code Style,BEST_PRACTICE,AstBuilderListener,exitSeqLit,ctx,3
Avoid excessively long variable names like sequenceInExtension,1276,1276,50,68,LongVariable,Code Style,NAMING_CONVENTIONS,AstBuilderListener,exitSeqLit,sequenceInExtension,3
Potential violation of Law of Demeter (static property access),1279,1279,73,97,LawOfDemeter,Design,OBJECT_ORIENTED_DESING,AstBuilderListener,exitSeqLit,,3
Potential violation of Law of Demeter (static property access),1280,1280,71,93,LawOfDemeter,Design,OBJECT_ORIENTED_DESING,AstBuilderListener,exitSeqLit,,3
Comment is too large: Line too long,1288,1288,1,3,CommentSize,Documentation,METRIC,AstBuilderListener,,,3
Parameter 'ctx' is not assigned and could be declared final,1291,1291,40,64,MethodArgumentCouldBeFinal,Code Style,BEST_PRACTICE,AstBuilderListener,exitExplicitSeqLit,ctx,3
Avoid excessively long variable names like sequenceInExtension,1292,1292,50,68,LongVariable,Code Style,NAMING_CONVENTIONS,AstBuilderListener,exitExplicitSeqLit,sequenceInExtension,3
Potential violation of Law of Demeter (static property access),1295,1295,73,97,LawOfDemeter,Design,OBJECT_ORIENTED_DESING,AstBuilderListener,exitExplicitSeqLit,,3
Potential violation of Law of Demeter (static property access),1296,1296,71,93,LawOfDemeter,Design,OBJECT_ORIENTED_DESING,AstBuilderListener,exitExplicitSeqLit,,3
